global_cycle, cycle, observation, reward, action, explore_on, explored, explore_rate_g, total reward, average reward
0, 1, 0, 3, 7, 1, 1, 0.999, 3, 1.5
1, 2, 24576, 3, 4, 1, 1, 0.999, 6, 2
2, 3, 24840, 3, 8, 1, 1, 0.999, 9, 2.25
3, 4, 90504, 3, 0, 1, 1, 0.999, 12, 2.4
4, 5, 90505, 5, 1, -1, -1, -1, 17, 3.4
5, 1, 0, 3, 6, 1, 1, 0.999, 3, 1.5
6, 2, 4098, 3, 2, 1, 1, 0.999, 6, 2
7, 3, 36882, 3, 7, 1, 1, 0.999, 9, 2.25
8, 4, 36882, 0, 6, 1, 1, 0.999, 9, 1.8
9, 5, 36882, 0, 0, 1, 1, 0.999, 9, 1.5
10, 6, 36882, 0, 4, 1, 1, 0.999, 9, 1.28571
11, 7, 39186, 3, 0, 1, 1, 0.999, 12, 1.5
12, 8, 39186, 0, 7, 1, 1, 0.999, 12, 1.33333
13, 9, 39186, 0, 2, 1, 1, 0.999, 12, 1.2
14, 10, 39186, 0, 1, 1, 1, 0.999, 12, 1.09091
15, 11, 170262, 3, 1, 1, 1, 0.999, 15, 1.25
16, 12, 170262, 0, 0, 1, 1, 0.999, 15, 1.15385
17, 13, 170262, 0, 1, 1, 1, 0.999, 15, 1.07143
18, 14, 170262, 0, 1, 1, 1, 0.999, 15, 1
19, 15, 170262, 0, 2, 1, 1, 0.999, 15, 0.9375
20, 16, 170262, 0, 2, 1, 1, 0.999, 15, 0.882353
21, 17, 170262, 0, 6, 1, 1, 0.999, 15, 0.833333
22, 18, 170262, 0, 8, 1, 1, 0.999, 15, 0.789474
23, 19, 170262, 0, 7, 1, 1, 0.999, 15, 0.75
24, 20, 170262, 0, 1, 1, 1, 0.999, 15, 0.714286
25, 21, 170262, 0, 3, 1, 1, 0.999, 15, 0.681818
26, 22, 170326, 4, 1, -1, -1, -1, 19, 0.863636
27, 1, 0, 3, 3, 1, 1, 0.999, 3, 1.5
28, 2, 66, 3, 7, 1, 1, 0.999, 6, 2
29, 3, 18498, 3, 8, 1, 1, 0.999, 9, 2.25
30, 4, 84066, 3, 0, 1, 1, 0.999, 12, 2.4
31, 5, 84066, 0, 7, 1, 1, 0.999, 12, 2
32, 6, 84066, 0, 7, 1, 1, 0.999, 12, 1.71429
33, 7, 84066, 0, 7, 1, 1, 0.999, 12, 1.5
34, 8, 84066, 0, 4, 1, 1, 0.999, 12, 1.33333
35, 9, 92514, 3, 5, 1, 1, 0.999, 15, 1.5
36, 10, 92514, 0, 6, 1, 1, 0.999, 15, 1.36364
37, 11, 92514, 0, 0, 1, 1, 0.999, 15, 1.25
38, 12, 92514, 0, 2, 1, 1, 0.999, 15, 1.15385
39, 13, 92514, 0, 6, 1, 1, 0.999, 15, 1.07143
40, 14, 92514, 0, 0, 1, 1, 0.999, 15, 1
41, 15, 92514, 0, 3, 1, 1, 0.999, 15, 0.9375
42, 16, 92514, 0, 5, 1, 1, 0.999, 15, 0.882353
43, 17, 92514, 0, 6, 1, 1, 0.999, 15, 0.833333
44, 18, 92514, 0, 7, 1, 1, 0.999, 15, 0.789474
45, 19, 92514, 0, 2, 1, 1, 0.999, 15, 0.75
46, 20, 92514, 0, 3, 1, 1, 0.999, 15, 0.714286
47, 21, 92514, 0, 2, 1, 1, 0.999, 15, 0.681818
48, 22, 92514, 0, 2, 1, 1, 0.999, 15, 0.652174
49, 23, 92514, 0, 1, 1, 1, 0.999, 15, 0.625
50, 24, 92518, 4, 1, -1, -1, -1, 19, 0.791667
51, 1, 0, 3, 3, 1, 1, 0.999, 3, 1.5
52, 2, 576, 3, 2, 1, 1, 0.999, 6, 2
53, 3, 8784, 3, 3, 1, 1, 0.999, 9, 2.25
54, 4, 8784, 0, 7, 1, 1, 0.999, 9, 1.8
55, 5, 25170, 3, 8, 1, 1, 0.999, 12, 2
56, 6, 90714, 3, 6, 1, 1, 0.999, 15, 2.14286
57, 7, 90714, 0, 7, 1, 1, 0.999, 15, 1.875
58, 8, 90714, 0, 5, 1, 1, 0.999, 15, 1.66667
59, 9, 91738, 4, 1, -1, -1, -1, 19, 2.11111
60, 1, 0, 3, 1, 1, 1, 0.999, 3, 1.5
61, 2, 132, 3, 7, 1, 1, 0.999, 6, 2
62, 3, 16518, 3, 1, 1, 1, 0.999, 9, 2.25
63, 4, 16518, 0, 0, 1, 1, 0.999, 9, 1.8
64, 5, 16518, 0, 6, 1, 1, 0.999, 9, 1.5
65, 6, 151686, 3, 6, 1, 1, 0.999, 12, 1.71429
66, 7, 151686, 0, 6, 1, 1, 0.999, 12, 1.5
67, 8, 151686, 0, 2, 1, 1, 0.999, 12, 1.33333
68, 9, 152214, 1, 1, -1, -1, -1, 13, 1.44444
69, 1, 0, 3, 8, 1, 1, 0.999, 3, 1.5
70, 2, 65664, 3, 1, 1, 1, 0.999, 6, 2
71, 3, 65670, 3, 3, 1, 1, 0.999, 9, 2.25
72, 4, 65670, 0, 7, 1, 1, 0.999, 9, 1.8
73, 5, 84102, 3, 6, 1, 1, 0.999, 12, 2
74, 6, 88230, 3, 2, 1, 1, 0.999, 15, 2.14286
75, 7, 88230, 0, 0, 1, 1, 0.999, 15, 1.875
76, 8, 88230, 0, 6, 1, 1, 0.999, 15, 1.66667
77, 9, 88230, 0, 7, 1, 1, 0.999, 15, 1.5
78, 10, 88230, 0, 8, 1, 1, 0.999, 15, 1.36364
79, 11, 88230, 0, 7, 1, 1, 0.999, 15, 1.25
80, 12, 88230, 0, 1, 1, 1, 0.999, 15, 1.15385
81, 13, 88230, 0, 8, 1, 1, 0.999, 15, 1.07143
82, 14, 88230, 0, 7, 1, 1, 0.999, 15, 1
83, 15, 88230, 0, 4, 1, 1, 0.999, 15, 0.9375
84, 16, 88486, 4, 1, -1, -1, -1, 19, 1.1875
85, 1, 0, 3, 8, 1, 1, 0.999, 3, 1.5
86, 2, 98304, 3, 0, 1, 1, 0.999, 6, 2
87, 3, 100353, 3, 4, 1, 1, 0.999, 9, 2.25
88, 4, 100609, 5, 1, -1, -1, -1, 14, 3.5
89, 1, 0, 3, 5, 1, 1, 0.999, 3, 1.5
90, 2, 1536, 3, 3, 1, 1, 0.999, 6, 2
91, 3, 34368, 3, 7, 1, 1, 0.999, 9, 2.25
92, 4, 34368, 0, 6, 1, 1, 0.999, 9, 1.8
93, 5, 169536, 3, 7, 1, 1, 0.999, 12, 2
94, 6, 169536, 0, 2, 1, 1, 0.999, 12, 1.71429
95, 7, 169560, 1, 1, -1, -1, -1, 13, 1.85714
96, 1, 0, 3, 7, 1, 1, 0.999, 3, 1.5
97, 2, 16896, 3, 1, 1, 1, 0.999, 6, 2
98, 3, 18948, 3, 8, 1, 1, 0.999, 9, 2.25
99, 4, 84612, 3, 3, 1, 1, 0.999, 12, 2.4
100, 5, 84612, 0, 7, 1, 1, 0.999, 12, 2
101, 6, 84612, 0, 0, 1, 1, 0.999, 12, 1.71429
102, 7, 92805, 3, 5, 1, 1, 0.999, 15, 1.875
103, 8, 92805, 0, 3, 1, 1, 0.999, 15, 1.66667
104, 9, 92805, 0, 4, 1, 1, 0.999, 15, 1.5
105, 10, 92805, 0, 3, 1, 1, 0.999, 15, 1.36364
106, 11, 92805, 0, 4, 1, 1, 0.999, 15, 1.25
107, 12, 92805, 0, 5, 1, 1, 0.999, 15, 1.15385
108, 13, 92805, 0, 8, 1, 1, 0.999, 15, 1.07143
109, 14, 92805, 0, 1, 1, 1, 0.999, 15, 1
110, 15, 92805, 0, 1, 1, 1, 0.999, 15, 0.9375
111, 16, 92805, 0, 5, 1, 1, 0.999, 15, 0.882353
112, 17, 92805, 0, 3, 1, 1, 0.999, 15, 0.833333
113, 18, 92805, 0, 0, 1, 1, 0.999, 15, 0.789474
114, 19, 92805, 0, 5, 1, 1, 0.999, 15, 0.75
115, 20, 92805, 0, 0, 1, 1, 0.999, 15, 0.714286
116, 21, 92805, 0, 6, 1, 1, 0.999, 15, 0.681818
117, 22, 92805, 0, 6, 1, 1, 0.999, 15, 0.652174
118, 23, 92805, 0, 0, 1, 1, 0.999, 15, 0.625
119, 24, 92805, 0, 0, 1, 1, 0.999, 15, 0.6
120, 25, 92805, 0, 3, 1, 1, 0.999, 15, 0.576923
121, 26, 92805, 0, 5, 1, 1, 0.999, 15, 0.555556
122, 27, 92805, 0, 2, 1, 1, 0.999, 15, 0.535714
123, 28, 92821, 5, 1, -1, -1, -1, 20, 0.714286
124, 1, 0, 3, 7, 1, 1, 0.999, 3, 1.5
125, 2, 18432, 3, 1, 1, 1, 0.999, 6, 2
126, 3, 18438, 3, 3, 1, 1, 0.999, 9, 2.25
127, 4, 149574, 3, 5, 1, 1, 0.999, 12, 2.4
128, 5, 149574, 0, 6, 1, 1, 0.999, 12, 2
129, 6, 154182, 1, 1, -1, -1, -1, 13, 2.16667
130, 1, 0, 3, 8, 1, 1, 0.999, 3, 1.5
131, 2, 65568, 3, 8, 1, 1, 0.999, 6, 2
132, 3, 65568, 0, 6, 1, 1, 0.999, 6, 1.5
133, 4, 69672, 3, 4, 1, 1, 0.999, 9, 1.8
134, 5, 70056, 3, 8, 1, 1, 0.999, 12, 2
135, 6, 70056, 0, 4, 1, 1, 0.999, 12, 1.71429
136, 7, 70056, 0, 4, 1, 1, 0.999, 12, 1.5
137, 8, 70056, 0, 0, 1, 1, 0.999, 12, 1.33333
138, 9, 70057, 5, 1, -1, -1, -1, 17, 1.88889
139, 1, 0, 3, 2, 1, 1, 0.999, 3, 1.5
140, 2, 8208, 3, 8, 1, 1, 0.999, 6, 2
141, 3, 75792, 3, 8, 1, 1, 0.999, 9, 2.25
142, 4, 75792, 0, 3, 1, 1, 0.999, 9, 1.8
143, 5, 75858, 3, 7, 1, 1, 0.999, 12, 2
144, 6, 92250, 3, 6, 1, 1, 0.999, 15, 2.14286
145, 7, 92250, 0, 5, 1, 1, 0.999, 15, 1.875
146, 8, 92250, 0, 3, 1, 1, 0.999, 15, 1.66667
147, 9, 92250, 0, 1, 1, 1, 0.999, 15, 1.5
148, 10, 92250, 0, 0, 1, 1, 0.999, 15, 1.36364
149, 11, 92250, 0, 0, 1, 1, 0.999, 15, 1.25
150, 12, 92250, 0, 8, 1, 1, 0.999, 15, 1.15385
151, 13, 92250, 0, 1, 1, 1, 0.999, 15, 1.07143
152, 14, 92250, 0, 5, 1, 1, 0.999, 15, 1
153, 15, 92250, 0, 5, 1, 1, 0.999, 15, 0.9375
154, 16, 92250, 0, 3, 1, 1, 0.999, 15, 0.882353
155, 17, 92250, 0, 1, 1, 1, 0.999, 15, 0.833333
156, 18, 92250, 0, 3, 1, 1, 0.999, 15, 0.789474
157, 19, 92250, 0, 8, 1, 1, 0.999, 15, 0.75
158, 20, 92250, 0, 3, 1, 1, 0.999, 15, 0.714286
159, 21, 92250, 0, 4, 1, 1, 0.999, 15, 0.681818
160, 22, 92506, 4, 1, -1, -1, -1, 19, 0.863636
161, 1, 0, 3, 3, 1, 1, 0.999, 3, 1.5
162, 2, 8256, 3, 6, 1, 1, 0.999, 6, 2
163, 3, 8256, 0, 1, 1, 1, 0.999, 6, 1.5
164, 4, 8772, 3, 2, 1, 1, 0.999, 9, 1.8
165, 5, 10836, 3, 0, 1, 1, 0.999, 12, 2
166, 6, 10837, 5, 1, -1, -1, -1, 17, 2.83333
167, 1, 0, 3, 3, 1, 1, 0.999, 3, 1.5
168, 2, 96, 3, 4, 1, 1, 0.999, 6, 2
169, 3, 33120, 3, 7, 1, 1, 0.999, 9, 2.25
170, 4, 33120, 0, 7, 1, 1, 0.999, 9, 1.8
171, 5, 33120, 0, 3, 1, 1, 0.999, 9, 1.5
172, 6, 33120, 0, 6, 1, 1, 0.999, 9, 1.28571
173, 7, 168288, 3, 0, 1, 1, 0.999, 12, 1.5
174, 8, 168289, 5, 1, -1, -1, -1, 17, 2.125
175, 1, 0, 3, 1, 1, 1, 0.999, 3, 1.5
176, 2, 36, 3, 0, 1, 1, 0.999, 6, 2
177, 3, 2085, 3, 6, 1, 1, 0.999, 9, 2.25
178, 4, 137253, 3, 6, 1, 1, 0.999, 12, 2.4
179, 5, 137253, 0, 3, 1, 1, 0.999, 12, 2
180, 6, 137317, 5, 1, -1, -1, -1, 17, 2.83333
181, 1, 0, 3, 7, 1, 1, 0.999, 3, 1.5
182, 2, 16386, 3, 7, 1, 1, 0.999, 6, 2
183, 3, 16386, 0, 2, 1, 1, 0.999, 6, 1.5
184, 4, 16914, 3, 1, 1, 1, 0.999, 9, 1.8
185, 5, 25110, 3, 4, 1, 1, 0.999, 12, 2
186, 6, 25110, 0, 7, 1, 1, 0.999, 12, 1.71429
187, 7, 25110, 0, 1, 1, 1, 0.999, 12, 1.5
188, 8, 25110, 0, 8, 1, 1, 0.999, 12, 1.33333
189, 9, 92694, 3, 1, 1, 1, 0.999, 15, 1.5
190, 10, 92694, 0, 6, 1, 1, 0.999, 15, 1.36364
191, 11, 92694, 0, 5, 1, 1, 0.999, 15, 1.25
192, 12, 92694, 0, 3, 1, 1, 0.999, 15, 1.15385
193, 13, 92758, 4, 1, -1, -1, -1, 19, 1.46154
194, 1, 0, 3, 3, 1, 1, 0.999, 3, 1.5
195, 2, 66, 3, 7, 1, 1, 0.999, 6, 2
196, 3, 24642, 3, 3, 1, 1, 0.999, 9, 2.25
197, 4, 24642, 0, 3, 1, 1, 0.999, 9, 1.8
198, 5, 24642, 0, 6, 1, 1, 0.999, 9, 1.5
199, 6, 24642, 0, 8, 1, 1, 0.999, 9, 1.28571
200, 7, 92226, 3, 5, 1, 1, 0.999, 12, 1.5
201, 8, 92226, 0, 3, 1, 1, 0.999, 12, 1.33333
202, 9, 92226, 0, 3, 1, 1, 0.999, 12, 1.2
203, 10, 92226, 0, 8, 1, 1, 0.999, 12, 1.09091
204, 11, 92226, 0, 3, 1, 1, 0.999, 12, 1
205, 12, 92226, 0, 2, 1, 1, 0.999, 12, 0.923077
206, 13, 92754, 3, 4, 1, 1, 0.999, 15, 1.07143
207, 14, 92754, 0, 4, 1, 1, 0.999, 15, 1
208, 15, 92754, 0, 6, 1, 1, 0.999, 15, 0.9375
209, 16, 92754, 0, 4, 1, 1, 0.999, 15, 0.882353
210, 17, 92754, 0, 3, 1, 1, 0.999, 15, 0.833333
211, 18, 92754, 0, 5, 1, 1, 0.999, 15, 0.789474
212, 19, 92754, 0, 0, 1, 1, 0.999, 15, 0.75
213, 20, 92754, 0, 2, 1, 1, 0.999, 15, 0.714286
214, 21, 92754, 0, 5, 1, 1, 0.999, 15, 0.681818
215, 22, 92754, 0, 8, 1, 1, 0.999, 15, 0.652174
216, 23, 92754, 0, 5, 1, 1, 0.999, 15, 0.625
217, 24, 92754, 0, 8, 1, 1, 0.999, 15, 0.6
218, 25, 92754, 0, 2, 1, 1, 0.999, 15, 0.576923
219, 26, 92754, 0, 8, 1, 1, 0.999, 15, 0.555556
220, 27, 92754, 0, 2, 1, 1, 0.999, 15, 0.535714
221, 28, 92754, 0, 2, 1, 1, 0.999, 15, 0.517241
222, 29, 92754, 0, 6, 1, 1, 0.999, 15, 0.5
223, 30, 92754, 0, 2, 1, 1, 0.999, 15, 0.483871
224, 31, 92754, 0, 8, 1, 1, 0.999, 15, 0.46875
225, 32, 92754, 0, 5, 1, 1, 0.999, 15, 0.454545
226, 33, 92754, 0, 1, 1, 1, 0.999, 15, 0.441176
227, 34, 92758, 4, 1, -1, -1, -1, 19, 0.558824
228, 1, 0, 3, 4, 1, 1, 0.999, 3, 1.5
229, 2, 33024, 3, 8, 1, 1, 0.999, 6, 2
230, 3, 98592, 3, 6, 1, 1, 0.999, 9, 2.25
231, 4, 102816, 3, 6, 1, 1, 0.999, 12, 2.4
232, 5, 102816, 0, 8, 1, 1, 0.999, 12, 2
233, 6, 102816, 0, 1, 1, 1, 0.999, 12, 1.71429
234, 7, 104868, 3, 0, 1, 1, 0.999, 15, 1.875
235, 8, 104869, 5, 1, -1, -1, -1, 20, 2.5
236, 1, 0, 3, 5, 1, 1, 0.999, 3, 1.5
237, 2, 1032, 3, 3, 1, 1, 0.999, 6, 2
238, 3, 33864, 3, 3, 1, 1, 0.999, 9, 2.25
239, 4, 33864, 0, 5, 1, 1, 0.999, 9, 1.8
240, 5, 33864, 0, 5, 1, 1, 0.999, 9, 1.5
241, 6, 33864, 0, 7, 1, 1, 0.999, 9, 1.28571
242, 7, 33864, 0, 4, 1, 1, 0.999, 9, 1.125
243, 8, 42312, 3, 7, 1, 1, 0.999, 12, 1.33333
244, 9, 42312, 0, 8, 1, 1, 0.999, 12, 1.2
245, 10, 107880, 3, 5, 1, 1, 0.999, 15, 1.36364
246, 11, 107880, 0, 0, 1, 1, 0.999, 15, 1.25
247, 12, 107881, 5, 1, -1, -1, -1, 20, 1.66667
248, 1, 0, 3, 7, 1, 1, 0.999, 3, 1.5
249, 2, 18432, 3, 6, 1, 1, 0.999, 6, 2
250, 3, 22560, 3, 6, 1, 1, 0.999, 9, 2.25
251, 4, 22560, 0, 4, 1, 1, 0.999, 9, 1.8
252, 5, 22818, 3, 3, 1, 1, 0.999, 12, 2
253, 6, 153954, 3, 6, 1, 1, 0.999, 15, 2.14286
254, 7, 153954, 0, 2, 1, 1, 0.999, 15, 1.875
255, 8, 153954, 0, 3, 1, 1, 0.999, 15, 1.66667
256, 9, 153954, 0, 5, 1, 1, 0.999, 15, 1.5
257, 10, 153954, 0, 5, 1, 1, 0.999, 15, 1.36364
258, 11, 153954, 0, 2, 1, 1, 0.999, 15, 1.25
259, 12, 153954, 0, 3, 1, 1, 0.999, 15, 1.15385
260, 13, 153954, 0, 6, 1, 1, 0.999, 15, 1.07143
261, 14, 153954, 0, 1, 1, 1, 0.999, 15, 1
262, 15, 153958, 4, 1, -1, -1, -1, 19, 1.26667
263, 1, 0, 3, 3, 1, 1, 0.999, 3, 1.5
264, 2, 576, 3, 5, 1, 1, 0.999, 6, 2
265, 3, 1602, 3, 7, 1, 1, 0.999, 9, 2.25
266, 4, 26178, 3, 6, 1, 1, 0.999, 12, 2.4
267, 5, 26178, 0, 4, 1, 1, 0.999, 12, 2
268, 6, 26178, 0, 6, 1, 1, 0.999, 12, 1.71429
269, 7, 26178, 0, 8, 1, 1, 0.999, 12, 1.5
270, 8, 91722, 3, 6, 1, 1, 0.999, 15, 1.66667
271, 9, 91722, 0, 4, 1, 1, 0.999, 15, 1.5
272, 10, 91722, 0, 3, 1, 1, 0.999, 15, 1.36364
273, 11, 91722, 0, 5, 1, 1, 0.999, 15, 1.25
274, 12, 91722, 0, 7, 1, 1, 0.999, 15, 1.15385
275, 13, 91722, 0, 3, 1, 1, 0.999, 15, 1.07143
276, 14, 91722, 0, 4, 1, 1, 0.999, 15, 1
277, 15, 91722, 0, 7, 1, 1, 0.999, 15, 0.9375
278, 16, 91722, 0, 3, 1, 1, 0.999, 15, 0.882353
279, 17, 91722, 0, 8, 1, 1, 0.999, 15, 0.833333
280, 18, 91722, 0, 8, 1, 1, 0.999, 15, 0.789474
281, 19, 91722, 0, 3, 1, 1, 0.999, 15, 0.75
282, 20, 91722, 0, 3, 1, 1, 0.999, 15, 0.714286
283, 21, 91722, 0, 0, 1, 1, 0.999, 15, 0.681818
284, 22, 91722, 0, 4, 1, 1, 0.999, 15, 0.652174
285, 23, 91722, 0, 8, 1, 1, 0.999, 15, 0.625
286, 24, 91722, 0, 1, 1, 1, 0.999, 15, 0.6
287, 25, 91722, 0, 3, 1, 1, 0.999, 15, 0.576923
288, 26, 91722, 0, 8, 1, 1, 0.999, 15, 0.555556
289, 27, 91722, 0, 5, 1, 1, 0.999, 15, 0.535714
290, 28, 91722, 0, 8, 1, 1, 0.999, 15, 0.517241
291, 29, 91722, 0, 2, 1, 1, 0.999, 15, 0.5
292, 30, 91738, 4, 1, -1, -1, -1, 19, 0.633333
293, 1, 0, 3, 2, 1, 1, 0.999, 3, 1.5
294, 2, 18, 3, 7, 1, 1, 0.999, 6, 2
295, 3, 24594, 3, 3, 1, 1, 0.999, 9, 2.25
296, 4, 25170, 3, 5, 1, 1, 0.999, 12, 2.4
297, 5, 26202, 3, 3, 1, 1, 0.999, 15, 2.5
298, 6, 26202, 0, 1, 1, 1, 0.999, 15, 2.14286
299, 7, 26202, 0, 8, 1, 1, 0.999, 15, 1.875
300, 8, 91738, 4, 1, -1, -1, -1, 19, 2.375
301, 1, 0, 3, 6, 1, 1, 0.999, 3, 1.5
302, 2, 6144, 3, 5, 1, 1, 0.999, 6, 2
303, 3, 6144, 0, 1, 1, 1, 0.999, 6, 1.5
304, 4, 6660, 3, 8, 1, 1, 0.999, 9, 1.8
305, 5, 104964, 3, 1, 1, 1, 0.999, 12, 2
306, 6, 104964, 0, 2, 1, 1, 0.999, 12, 1.71429
307, 7, 104982, 3, 5, 1, 1, 0.999, 15, 1.875
308, 8, 104982, 0, 0, 1, 1, 0.999, 15, 1.66667
309, 9, 104982, 0, 1, 1, 1, 0.999, 15, 1.5
310, 10, 104982, 0, 3, 1, 1, 0.999, 15, 1.36364
311, 11, 105046, 4, 1, -1, -1, -1, 19, 1.72727
312, 1, 0, 3, 7, 1, 1, 0.999, 3, 1.5
313, 2, 16392, 3, 1, 1, 1, 0.999, 6, 2
314, 3, 16392, 0, 4, 1, 1, 0.999, 6, 1.5
315, 4, 147720, 3, 4, 1, 1, 0.999, 9, 1.8
316, 5, 147720, 0, 6, 1, 1, 0.999, 9, 1.5
317, 6, 151818, 3, 5, 1, 1, 0.999, 12, 1.71429
318, 7, 152970, 3, 2, 1, 1, 0.999, 15, 1.875
319, 8, 152986, 4, 1, -1, -1, -1, 19, 2.375
320, 1, 0, 3, 0, 1, 1, 0.999, 3, 1.5
321, 2, 513, 3, 3, 1, 1, 0.999, 6, 2
322, 3, 131649, 3, 1, 1, 1, 0.999, 9, 2.25
323, 4, 139845, 3, 7, 1, 1, 0.999, 12, 2.4
324, 5, 158277, 3, 7, 1, 1, 0.999, 15, 2.5
325, 6, 158277, 0, 2, 1, 1, 0.999, 15, 2.14286
326, 7, 158293, 5, 1, -1, -1, -1, 20, 2.85714
327, 1, 0, 3, 1, 1, 1, 0.999, 3, 1.5
328, 2, 2052, 3, 7, 1, 1, 0.999, 6, 2
329, 3, 18564, 3, 8, 1, 1, 0.999, 9, 2.25
330, 4, 84132, 3, 4, 1, 1, 0.999, 12, 2.4
331, 5, 84388, 5, 1, -1, -1, -1, 17, 3.4
332, 1, 0, 3, 7, 1, 1, 0.999, 3, 1.5
333, 2, 16386, 3, 7, 1, 1, 0.999, 6, 2
334, 3, 16386, 0, 8, 1, 1, 0.999, 6, 1.5
335, 4, 81930, 3, 8, 1, 1, 0.999, 9, 1.8
336, 5, 81930, 0, 3, 1, 1, 0.999, 9, 1.5
337, 6, 90186, 3, 1, 1, 1, 0.999, 12, 1.71429
338, 7, 90186, 0, 1, 1, 1, 0.999, 12, 1.5
339, 8, 90186, 0, 2, 1, 1, 0.999, 12, 1.33333
340, 9, 90714, 3, 8, 1, 1, 0.999, 15, 1.5
341, 10, 90714, 0, 0, 1, 1, 0.999, 15, 1.36364
342, 11, 90714, 0, 0, 1, 1, 0.999, 15, 1.25
343, 12, 90714, 0, 5, 1, 1, 0.999, 15, 1.15385
344, 13, 91738, 4, 1, -1, -1, -1, 19, 1.46154
345, 1, 0, 3, 5, 1, 1, 0.999, 3, 1.5
346, 2, 1152, 3, 5, 1, 1, 0.999, 6, 2
347, 3, 1152, 0, 0, 1, 1, 0.999, 6, 1.5
348, 4, 33921, 3, 4, 1, 1, 0.999, 9, 1.8
349, 5, 34185, 3, 7, 1, 1, 0.999, 12, 2
350, 6, 34185, 0, 0, 1, 1, 0.999, 12, 1.71429
351, 7, 34185, 0, 6, 1, 1, 0.999, 12, 1.5
352, 8, 169353, 3, 4, 1, 1, 0.999, 15, 1.66667
353, 9, 169353, 0, 4, 1, 1, 0.999, 15, 1.5
354, 10, 169353, 0, 2, 1, 1, 0.999, 15, 1.36364
355, 11, 169369, 4, 1, -1, -1, -1, 19, 1.72727
356, 1, 0, 3, 3, 1, 1, 0.999, 3, 1.5
357, 2, 32832, 3, 0, 1, 1, 0.999, 6, 2
358, 3, 33345, 3, 5, 1, 1, 0.999, 9, 2.25
359, 4, 34401, 3, 0, 1, 1, 0.999, 12, 2.4
360, 5, 34401, 0, 5, 1, 1, 0.999, 12, 2
361, 6, 34401, 0, 8, 1, 1, 0.999, 12, 1.71429
362, 7, 108129, 3, 8, 1, 1, 0.999, 15, 1.875
363, 8, 108129, 0, 4, 1, 1, 0.999, 15, 1.66667
364, 9, 108129, 0, 7, 1, 1, 0.999, 15, 1.5
365, 10, 108129, 0, 6, 1, 1, 0.999, 15, 1.36364
366, 11, 108129, 0, 8, 1, 1, 0.999, 15, 1.25
367, 12, 108129, 0, 3, 1, 1, 0.999, 15, 1.15385
368, 13, 108129, 0, 5, 1, 1, 0.999, 15, 1.07143
369, 14, 108129, 0, 2, 1, 1, 0.999, 15, 1
370, 15, 108129, 0, 8, 1, 1, 0.999, 15, 0.9375
371, 16, 108129, 0, 3, 1, 1, 0.999, 15, 0.882353
372, 17, 108129, 0, 7, 1, 1, 0.999, 15, 0.833333
373, 18, 108129, 0, 8, 1, 1, 0.999, 15, 0.789474
374, 19, 108129, 0, 0, 1, 1, 0.999, 15, 0.75
375, 20, 108129, 0, 5, 1, 1, 0.999, 15, 0.714286
376, 21, 108129, 0, 0, 1, 1, 0.999, 15, 0.681818
377, 22, 108129, 0, 7, 1, 1, 0.999, 15, 0.652174
378, 23, 108129, 0, 4, 1, 1, 0.999, 15, 0.625
379, 24, 108129, 0, 3, 1, 1, 0.999, 15, 0.6
380, 25, 108129, 0, 3, 1, 1, 0.999, 15, 0.576923
381, 26, 108129, 0, 8, 1, 1, 0.999, 15, 0.555556
382, 27, 108129, 0, 0, 1, 1, 0.999, 15, 0.535714
383, 28, 108129, 0, 4, 1, 1, 0.999, 15, 0.517241
384, 29, 108129, 0, 1, 1, 1, 0.999, 15, 0.5
385, 30, 108133, 4, 1, -1, -1, -1, 19, 0.633333
386, 1, 0, 3, 4, 1, 1, 0.999, 3, 1.5
387, 2, 264, 3, 0, 1, 1, 0.999, 6, 2
388, 3, 33033, 3, 8, 1, 1, 0.999, 9, 2.25
389, 4, 98569, 5, 1, -1, -1, -1, 14, 3.5
390, 1, 0, 3, 4, 1, 1, 0.999, 3, 1.5
391, 2, 8448, 3, 2, 1, 1, 0.999, 6, 2
392, 3, 8592, 3, 0, 1, 1, 0.999, 9, 2.25
393, 4, 10641, 3, 0, 1, 1, 0.999, 12, 2.4
394, 5, 10641, 0, 2, 1, 1, 0.999, 12, 2
395, 6, 10641, 0, 4, 1, 1, 0.999, 12, 1.71429
396, 7, 10641, 0, 7, 1, 1, 0.999, 12, 1.5
397, 8, 158097, 3, 3, 1, 1, 0.999, 15, 1.66667
398, 9, 158097, 0, 4, 1, 1, 0.999, 15, 1.5
399, 10, 158097, 0, 0, 1, 1, 0.999, 15, 1.36364
400, 11, 158097, 0, 2, 1, 1, 0.999, 15, 1.25
401, 12, 158097, 0, 5, 1, 1, 0.999, 15, 1.15385
402, 13, 158097, 0, 0, 1, 1, 0.999, 15, 1.07143
403, 14, 158097, 0, 7, 1, 1, 0.999, 15, 1
404, 15, 158097, 0, 0, 1, 1, 0.999, 15, 0.9375
405, 16, 158097, 0, 5, 1, 1, 0.999, 15, 0.882353
406, 17, 158097, 0, 3, 1, 1, 0.999, 15, 0.833333
407, 18, 158097, 0, 3, 1, 1, 0.999, 15, 0.789474
408, 19, 158097, 0, 6, 1, 1, 0.999, 15, 0.75
409, 20, 158097, 0, 3, 1, 1, 0.999, 15, 0.714286
410, 21, 158097, 0, 8, 1, 1, 0.999, 15, 0.681818
411, 22, 158097, 0, 1, 1, 1, 0.999, 15, 0.652174
412, 23, 158101, 5, 1, -1, -1, -1, 20, 0.869565
413, 1, 0, 3, 7, 1, 1, 0.999, 3, 1.5
414, 2, 16512, 3, 6, 1, 1, 0.999, 6, 2
415, 3, 20610, 3, 1, 1, 1, 0.999, 9, 2.25
416, 4, 22662, 3, 4, 1, 1, 0.999, 12, 2.4
417, 5, 153990, 3, 3, 1, 1, 0.999, 15, 2.5
418, 6, 153990, 0, 8, 1, 1, 0.999, 15, 2.14286
419, 7, 153990, 0, 3, 1, 1, 0.999, 15, 1.875
420, 8, 153990, 0, 2, 1, 1, 0.999, 15, 1.66667
421, 9, 154006, 4, 1, -1, -1, -1, 19, 2.11111
422, 1, 0, 3, 4, 1, 1, 0.999, 3, 1.5
423, 2, 384, 3, 6, 1, 1, 0.999, 6, 2
424, 3, 4482, 3, 5, 1, 1, 0.999, 9, 2.25
425, 4, 136578, 3, 5, 1, 1, 0.999, 12, 2.4
426, 5, 136578, 0, 7, 1, 1, 0.999, 12, 2
427, 6, 152994, 3, 0, 1, 1, 0.999, 15, 2.14286
428, 7, 152994, 0, 5, 1, 1, 0.999, 15, 1.875
429, 8, 152994, 0, 6, 1, 1, 0.999, 15, 1.66667
430, 9, 152994, 0, 3, 1, 1, 0.999, 15, 1.5
431, 10, 152994, 0, 0, 1, 1, 0.999, 15, 1.36364
432, 11, 152994, 0, 0, 1, 1, 0.999, 15, 1.25
433, 12, 152994, 0, 5, 1, 1, 0.999, 15, 1.15385
434, 13, 152994, 0, 7, 1, 1, 0.999, 15, 1.07143
435, 14, 152994, 0, 6, 1, 1, 0.999, 15, 1
436, 15, 152994, 0, 6, 1, 1, 0.999, 15, 0.9375
437, 16, 152994, 0, 1, 1, 1, 0.999, 15, 0.882353
438, 17, 152998, 4, 1, -1, -1, -1, 19, 1.11765
439, 1, 0, 3, 7, 1, 1, 0.999, 3, 1.5
440, 2, 16512, 3, 2, 1, 1, 0.999, 6, 2
441, 3, 16530, 3, 5, 1, 1, 0.999, 9, 2.25
442, 4, 148626, 3, 8, 1, 1, 0.999, 12, 2.4
443, 5, 148626, 0, 8, 1, 1, 0.999, 12, 2
444, 6, 148626, 0, 3, 1, 1, 0.999, 12, 1.71429
445, 7, 148626, 0, 3, 1, 1, 0.999, 12, 1.5
446, 8, 148626, 0, 2, 1, 1, 0.999, 12, 1.33333
447, 9, 148626, 0, 5, 1, 1, 0.999, 12, 1.2
448, 10, 148626, 0, 5, 1, 1, 0.999, 12, 1.09091
449, 11, 148626, 0, 4, 1, 1, 0.999, 12, 1
450, 12, 157074, 1, 1, -1, -1, -1, 13, 1.08333
451, 1, 0, 3, 3, 1, 1, 0.999, 3, 1.5
452, 2, 8256, 3, 2, 1, 1, 0.999, 6, 2
453, 3, 10320, 3, 1, 1, 1, 0.999, 9, 2.25
454, 4, 141396, 3, 0, 1, 1, 0.999, 12, 2.4
455, 5, 141397, 5, 1, -1, -1, -1, 17, 3.4
456, 1, 0, 3, 7, 1, 1, 0.999, 3, 1.5
457, 2, 18432, 3, 8, 1, 1, 0.999, 6, 2
458, 3, 92160, 3, 2, 1, 1, 0.999, 9, 2.25
459, 4, 92304, 3, 4, 1, 1, 0.999, 12, 2.4
460, 5, 92568, 3, 2, 1, 1, 0.999, 15, 2.5
461, 6, 92568, 0, 1, 1, 1, 0.999, 15, 2.14286
462, 7, 92568, 0, 3, 1, 1, 0.999, 15, 1.875
463, 8, 92568, 0, 1, 1, 1, 0.999, 15, 1.66667
464, 9, 92568, 0, 8, 1, 1, 0.999, 15, 1.5
465, 10, 92568, 0, 7, 1, 1, 0.999, 15, 1.36364
466, 11, 92568, 0, 4, 1, 1, 0.999, 15, 1.25
467, 12, 92568, 0, 0, 1, 1, 0.999, 15, 1.15385
468, 13, 92569, 5, 1, -1, -1, -1, 20, 1.53846
469, 1, 0, 3, 3, 1, 1, 0.999, 3, 1.5
470, 2, 2112, 3, 6, 1, 1, 0.999, 6, 2
471, 3, 137280, 3, 0, 1, 1, 0.999, 9, 2.25
472, 4, 137281, 5, 1, -1, -1, -1, 14, 3.5
473, 1, 0, 3, 0, 1, 1, 0.999, 3, 1.5
474, 2, 2049, 3, 5, 1, 1, 0.999, 6, 2
475, 3, 2049, 0, 8, 1, 1, 0.999, 6, 1.5
476, 4, 75777, 3, 1, 1, 1, 0.999, 9, 1.8
477, 5, 76293, 3, 2, 1, 1, 0.999, 12, 2
478, 6, 76309, 5, 1, -1, -1, -1, 17, 2.83333
479, 1, 0, 3, 8, 1, 1, 0.999, 3, 1.5
480, 2, 65568, 3, 1, 1, 1, 0.999, 6, 2
481, 3, 67620, 3, 1, 1, 1, 0.999, 9, 2.25
482, 4, 67620, 0, 0, 1, 1, 0.999, 9, 1.8
483, 5, 68133, 3, 1, 1, 1, 0.999, 12, 2
484, 6, 68133, 0, 0, 1, 1, 0.999, 12, 1.71429
485, 7, 68133, 0, 5, 1, 1, 0.999, 12, 1.5
486, 8, 68133, 0, 4, 1, 1, 0.999, 12, 1.33333
487, 9, 68133, 0, 8, 1, 1, 0.999, 12, 1.2
488, 10, 68133, 0, 2, 1, 1, 0.999, 12, 1.09091
489, 11, 68133, 0, 6, 1, 1, 0.999, 12, 1
490, 12, 72357, 3, 4, 1, 1, 0.999, 15, 1.15385
491, 13, 72357, 0, 5, 1, 1, 0.999, 15, 1.07143
492, 14, 72357, 0, 0, 1, 1, 0.999, 15, 1
493, 15, 72357, 0, 0, 1, 1, 0.999, 15, 0.9375
494, 16, 72357, 0, 0, 1, 1, 0.999, 15, 0.882353
495, 17, 72357, 0, 1, 1, 1, 0.999, 15, 0.833333
496, 18, 72357, 0, 0, 1, 1, 0.999, 15, 0.789474
497, 19, 72357, 0, 8, 1, 1, 0.999, 15, 0.75
498, 20, 72357, 0, 7, 1, 1, 0.999, 15, 0.714286
499, 21, 88741, 4, 1, -1, -1, -1, 19, 0.904762
500, 1, 0, 3, 2, 1, 1, 0.999, 3, 1.5
501, 2, 2064, 3, 0, 1, 1, 0.999, 6, 2
502, 3, 34833, 3, 8, 1, 1, 0.999, 9, 2.25
503, 4, 100497, 3, 1, 1, 1, 0.999, 12, 2.4
504, 5, 100501, 5, 1, -1, -1, -1, 17, 3.4
505, 1, 0, 3, 2, 1, 1, 0.999, 3, 1.5
506, 2, 8208, 3, 6, 1, 1, 0.999, 6, 2
507, 3, 8208, 0, 0, 1, 1, 0.999, 6, 1.5
508, 4, 8337, 3, 2, 1, 1, 0.999, 9, 1.8
509, 5, 8337, 0, 0, 1, 1, 0.999, 9, 1.5
510, 6, 8337, 0, 7, 1, 1, 0.999, 9, 1.28571
511, 7, 24729, 3, 1, 1, 1, 0.999, 12, 1.5
512, 8, 24729, 0, 0, 1, 1, 0.999, 12, 1.33333
513, 9, 24729, 0, 5, 1, 1, 0.999, 12, 1.2
514, 10, 156825, 3, 5, 1, 1, 0.999, 15, 1.36364
515, 11, 156825, 0, 6, 1, 1, 0.999, 15, 1.25
516, 12, 156825, 0, 2, 1, 1, 0.999, 15, 1.15385
517, 13, 156825, 0, 3, 1, 1, 0.999, 15, 1.07143
518, 14, 156825, 0, 1, 1, 1, 0.999, 15, 1
519, 15, 156825, 0, 8, 1, 1, 0.999, 15, 0.9375
520, 16, 156825, 0, 3, 1, 1, 0.999, 15, 0.882353
521, 17, 156825, 0, 1, 1, 1, 0.999, 15, 0.833333
522, 18, 156825, 0, 7, 1, 1, 0.999, 15, 0.789474
523, 19, 156825, 0, 0, 1, 1, 0.999, 15, 0.75
524, 20, 156825, 0, 8, 1, 1, 0.999, 15, 0.714286
525, 21, 156825, 0, 0, 1, 1, 0.999, 15, 0.681818
526, 22, 156825, 0, 1, 1, 1, 0.999, 15, 0.652174
527, 23, 156825, 0, 7, 1, 1, 0.999, 15, 0.625
528, 24, 156825, 0, 8, 1, 1, 0.999, 15, 0.6
529, 25, 156825, 0, 1, 1, 1, 0.999, 15, 0.576923
530, 26, 156825, 0, 3, 1, 1, 0.999, 15, 0.555556
531, 27, 156825, 0, 6, 1, 1, 0.999, 15, 0.535714
532, 28, 156825, 0, 7, 1, 1, 0.999, 15, 0.517241
533, 29, 156825, 0, 1, 1, 1, 0.999, 15, 0.5
534, 30, 156825, 0, 6, 1, 1, 0.999, 15, 0.483871
535, 31, 156825, 0, 7, 1, 1, 0.999, 15, 0.46875
536, 32, 156825, 0, 1, 1, 1, 0.999, 15, 0.454545
537, 33, 156825, 0, 1, 1, 1, 0.999, 15, 0.441176
538, 34, 156825, 0, 8, 1, 1, 0.999, 15, 0.428571
539, 35, 156825, 0, 3, 1, 1, 0.999, 15, 0.416667
540, 36, 156825, 0, 5, 1, 1, 0.999, 15, 0.405405
541, 37, 156825, 0, 6, 1, 1, 0.999, 15, 0.394737
542, 38, 156825, 0, 7, 1, 1, 0.999, 15, 0.384615
543, 39, 156825, 0, 3, 1, 1, 0.999, 15, 0.375
544, 40, 156825, 0, 5, 1, 1, 0.999, 15, 0.365854
545, 41, 156825, 0, 7, 1, 1, 0.999, 15, 0.357143
546, 42, 156825, 0, 8, 1, 1, 0.999, 15, 0.348837
547, 43, 156825, 0, 5, 1, 1, 0.999, 15, 0.340909
548, 44, 156825, 0, 0, 1, 1, 0.999, 15, 0.333333
549, 45, 156825, 0, 4, 1, 1, 0.999, 15, 0.326087
550, 46, 157081, 4, 1, -1, -1, -1, 19, 0.413043
551, 1, 0, 3, 1, 1, 1, 0.999, 3, 1.5
552, 2, 8196, 3, 6, 1, 1, 0.999, 6, 2
553, 3, 8196, 0, 6, 1, 1, 0.999, 6, 1.5
554, 4, 8196, 0, 2, 1, 1, 0.999, 6, 1.2
555, 5, 10260, 3, 1, 1, 1, 0.999, 9, 1.5
556, 6, 10260, 0, 7, 1, 1, 0.999, 9, 1.28571
557, 7, 26646, 3, 7, 1, 1, 0.999, 12, 1.5
558, 8, 26646, 0, 7, 1, 1, 0.999, 12, 1.33333
559, 9, 26646, 0, 1, 1, 1, 0.999, 12, 1.2
560, 10, 26646, 0, 1, 1, 1, 0.999, 12, 1.09091
561, 11, 26646, 0, 1, 1, 1, 0.999, 12, 1
562, 12, 26646, 0, 0, 1, 1, 0.999, 12, 0.923077
563, 13, 26646, 0, 7, 1, 1, 0.999, 12, 0.857143
564, 14, 26646, 0, 5, 1, 1, 0.999, 12, 0.8
565, 15, 26646, 0, 6, 1, 1, 0.999, 12, 0.75
566, 16, 26646, 0, 3, 1, 1, 0.999, 12, 0.705882
567, 17, 27222, 3, 2, 1, 1, 0.999, 15, 0.833333
568, 18, 27222, 0, 1, 1, 1, 0.999, 15, 0.789474
569, 19, 27222, 0, 3, 1, 1, 0.999, 15, 0.75
570, 20, 27222, 0, 5, 1, 1, 0.999, 15, 0.714286
571, 21, 27222, 0, 5, 1, 1, 0.999, 15, 0.681818
572, 22, 27222, 0, 8, 1, 1, 0.999, 15, 0.652174
573, 23, 92758, 4, 1, -1, -1, -1, 19, 0.826087
574, 1, 0, 3, 0, 1, 1, 0.999, 3, 1.5
575, 2, 2049, 3, 1, 1, 1, 0.999, 6, 2
576, 3, 2085, 3, 0, 1, 1, 0.999, 9, 2.25
577, 4, 2085, 0, 2, 1, 1, 0.999, 9, 1.8
578, 5, 2085, 0, 1, 1, 1, 0.999, 9, 1.5
579, 6, 2085, 0, 7, 1, 1, 0.999, 9, 1.28571
580, 7, 26661, 3, 6, 1, 1, 0.999, 12, 1.5
581, 8, 26661, 0, 7, 1, 1, 0.999, 12, 1.33333
582, 9, 26661, 0, 2, 1, 1, 0.999, 12, 1.2
583, 10, 26661, 0, 5, 1, 1, 0.999, 12, 1.09091
584, 11, 26661, 0, 8, 1, 1, 0.999, 12, 1
585, 12, 92325, 3, 6, 1, 1, 0.999, 15, 1.15385
586, 13, 92325, 0, 8, 1, 1, 0.999, 15, 1.07143
587, 14, 92325, 0, 4, 1, 1, 0.999, 15, 1
588, 15, 92581, 5, 1, -1, -1, -1, 20, 1.33333
589, 1, 0, 3, 4, 1, 1, 0.999, 3, 1.5
590, 2, 288, 3, 4, 1, 1, 0.999, 6, 2
591, 3, 288, 0, 7, 1, 1, 0.999, 6, 1.5
592, 4, 24864, 3, 6, 1, 1, 0.999, 9, 1.8
593, 5, 24864, 0, 1, 1, 1, 0.999, 9, 1.5
594, 6, 24868, 5, 1, -1, -1, -1, 14, 2.33333
595, 1, 0, 3, 0, 1, 1, 0.999, 3, 1.5
596, 2, 8193, 3, 5, 1, 1, 0.999, 6, 2
597, 3, 9249, 3, 2, 1, 1, 0.999, 9, 2.25
598, 4, 9249, 0, 5, 1, 1, 0.999, 9, 1.8
599, 5, 9249, 0, 6, 1, 1, 0.999, 9, 1.5
600, 6, 9249, 0, 5, 1, 1, 0.999, 9, 1.28571
601, 7, 9249, 0, 1, 1, 1, 0.999, 9, 1.125
602, 8, 42021, 3, 7, 1, 1, 0.999, 12, 1.33333
603, 9, 42021, 0, 7, 1, 1, 0.999, 12, 1.2
604, 10, 42021, 0, 5, 1, 1, 0.999, 12, 1.09091
605, 11, 42021, 0, 6, 1, 1, 0.999, 12, 1
606, 12, 42021, 0, 4, 1, 1, 0.999, 12, 0.923077
607, 13, 173349, 3, 6, 1, 1, 0.999, 15, 1.07143
608, 14, 173349, 0, 5, 1, 1, 0.999, 15, 1
609, 15, 173349, 0, 1, 1, 1, 0.999, 15, 0.9375
610, 16, 173349, 0, 5, 1, 1, 0.999, 15, 0.882353
611, 17, 173349, 0, 3, 1, 1, 0.999, 15, 0.833333
612, 18, 173413, 4, 1, -1, -1, -1, 19, 1.05556
613, 1, 0, 3, 5, 1, 1, 0.999, 3, 1.5
614, 2, 1032, 3, 7, 1, 1, 0.999, 6, 2
615, 3, 148488, 3, 2, 1, 1, 0.999, 9, 2.25
616, 4, 156696, 3, 1, 1, 1, 0.999, 12, 2.4
